demostaff,DEMO1000,1s1
demostud,DEMO1000,1s1
demostaff,DEMO1001,1s1
demostud,DEMO1001,1s1
50,COMP4931,18s1
51,COMP3421,18s2
52,COMP9517,17s2
53,COMP3901,18s1
54,SENG2021,18s1
55,COMP2911,18s1
56,COMP6845,18s2
57,COMP6752,18s1
58,SENG4920,18s2
59,COMP1911,17s2
60,COMP4941,17s2
61,COMP6752,18s2
62,COMP3211,18s2
63,COMP3153,17s2
64,COMP1921,18s2
65,COMP1521,18s2
66,COMP3901,18s2
67,COMP4920,18s2
68,COMP3121,17s2
69,COMP4906,18s1
70,COMP3891,17s2
71,COMP6843,18s2
72,COMP4941,18s1
73,COMP2521,18s2
74,SENG4904,17s2
75,COMP4418,18s1
76,COMP4930,17s2
77,COMP2511,17s2
78,COMP4128,18s1
79,COMP4181,18s2
80,COMP1000,17s2
81,COMP9319,17s2
82,COMP3511,18s2
83,COMP3311,18s1
84,COMP9242,18s2
85,COMP3821,17s2
86,COMP6449,17s2
87,COMP4601,18s1
88,COMP4601,18s2
89,COMP3431,18s1
90,COMP6448,17s2
91,COMP9242,18s1
92,COMP3331,18s2
93,COMP6733,18s1
94,COMP3311,18s2
95,COMP3511,18s1
96,COMP9322,18s2
97,SENG4907,17s2
98,COMP4336,18s2
99,SENG3011,17s2
100,COMP9333,17s2
100,COMP9334,17s2
100,COMP2911,17s2
100,COMP1000,17s2
101,SENG3011,17s2
101,COMP9844,17s2
102,COMP4001,17s2
102,COMP3131,17s2
102,SENG4906,17s2
102,COMP2521,17s2
103,COMP3891,17s2
104,COMP9315,17s2
104,COMP3231,17s2
105,COMP2911,17s2
105,COMP2121,17s2
105,COMP2521,17s2
105,COMP6441,17s2
106,COMP3421,17s2
106,COMP3421,17s2
106,COMP3131,17s2
106,COMP1400,17s2
107,COMP6445,17s2
107,COMP9322,17s2
107,COMP1911,17s2
108,COMP6449,17s2
108,COMP9323,17s2
108,COMP2041,17s2
108,COMP9447,17s2
109,COMP4920,17s2
110,COMP3511,17s2
110,COMP6741,17s2
111,COMP3421,17s2
112,COMP6441,17s2
112,COMP6448,17s2
112,COMP4001,17s2
113,COMP6843,17s2
113,COMP9319,17s2
114,COMP4906,17s2
114,COMP9517,17s2
114,COMP4121,17s2
115,COMP9334,17s2
115,COMP3211,17s2
115,COMP1927,17s2
115,COMP4930,17s2
116,COMP9333,17s2
116,COMP9444,17s2
116,COMP3511,17s2
117,COMP3131,17s2
117,COMP3821,17s2
118,COMP9517,17s2
118,COMP3511,17s2
119,COMP3601,17s2
120,COMP9334,17s2
120,COMP3511,17s2
121,COMP1521,17s2
122,COMP1921,17s2
122,COMP3421,17s2
122,COMP1911,17s2
123,COMP2911,17s2
124,COMP2111,18s1
124,COMP3902,18s1
124,COMP6443,18s1
124,COMP9315,18s1
125,COMP3153,18s1
125,COMP4931,18s1
125,COMP3121,18s1
125,COMP4161,18s1
126,COMP4920,18s1
127,COMP3900,18s1
127,COMP3901,18s1
127,SENG2011,18s1
127,COMP6448,18s1
128,COMP4905,18s1
128,COMP3141,18s1
129,COMP3311,18s1
130,COMP1927,18s1
130,COMP2111,18s1
130,SENG2011,18s1
131,COMP6445,18s1
132,COMP3902,18s1
132,COMP3900,18s1
133,SENG3011,18s1
133,COMP3411,18s1
133,COMP4128,18s1
134,COMP9315,18s1
134,COMP1531,18s1
134,SENG2011,18s1
134,COMP6771,18s1
135,COMP3331,18s1
136,COMP3891,18s1
136,COMP6841,18s1
136,COMP6448,18s1
137,COMP1511,18s1
138,COMP4931,18s1
138,COMP3231,18s1
139,COMP3901,18s1
139,COMP6733,18s1
139,COMP4161,18s1
139,COMP3891,18s1
140,COMP4161,18s1
140,COMP6447,18s1
141,COMP4941,18s1
141,COMP3821,18s1
141,COMP3901,18s1
141,COMP9444,18s1
142,SENG3011,18s1
142,COMP3431,18s1
142,COMP6845,18s1
142,COMP6443,18s1
143,COMP4141,18s1
144,COMP6448,18s1
144,SENG4906,18s1
145,COMP4904,18s1
145,COMP9844,18s1
145,COMP2511,18s1
145,COMP3121,18s1
146,COMP6447,18s1
146,COMP9447,18s1
147,COMP2911,18s1
147,COMP3431,18s1
147,COMP4121,17s2
148,SENG2011,17s2
148,COMP1927,17s2
148,COMP6843,17s2
149,COMP9333,17s2
150,COMP3153,17s2
150,COMP9318,17s2
150,SENG4904,17s2
150,COMP2041,17s2
151,COMP1000,17s2
152,COMP1531,17s2
153,COMP4001,17s2
153,COMP3411,17s2
153,COMP3891,17s2
154,COMP4161,17s2
154,SENG4906,17s2
155,COMP4337,17s2
156,COMP6449,17s2
156,COMP4418,17s2
156,COMP6445,17s2
157,COMP3431,17s2
158,COMP3901,17s2
158,SENG4907,17s2
158,COMP4905,17s2
158,COMP9333,17s2
159,COMP3902,17s2
159,COMP6448,17s2
160,COMP4181,17s2
161,SENG4920,17s2
161,COMP6445,17s2
161,SENG4904,17s2
162,COMP2111,17s2
162,COMP4181,17s2
163,COMP4904,17s2
163,COMP6771,17s2
163,COMP1400,17s2
164,SENG2021,17s2
164,COMP4941,17s2
164,COMP9844,17s2
165,COMP9242,17s2
165,COMP4930,17s2
165,COMP1927,17s2
165,COMP3153,17s2
166,COMP6448,17s2
166,COMP6449,17s2
166,COMP9447,17s2
166,COMP6845,17s2
167,COMP6443,17s2
168,COMP3131,17s2
169,COMP3222,17s2
169,COMP4601,17s2
170,COMP6449,17s2
171,COMP1911,17s2
171,COMP9323,17s2
172,COMP3601,17s2
172,COMP4181,17s2
172,COMP9243,17s2
173,COMP6443,17s2
173,COMP1921,17s2
173,COMP6449,17s2
174,COMP2911,17s2
174,SENG3011,17s2
174,COMP3901,17s2
175,SENG4904,17s2
175,COMP9447,17s2
175,COMP3131,17s2
176,COMP3311,17s2
177,COMP4601,17s2
177,COMP9321,17s2
177,COMP3900,17s2
178,COMP9417,17s2
179,COMP3331,17s2
179,COMP1531,17s2
179,COMP9333,17s2
179,COMP3161,17s2
180,COMP6771,17s2
181,COMP3902,17s2
182,COMP9333,17s2
182,COMP1921,17s2
182,COMP6445,17s2
183,COMP4418,17s2
184,COMP3901,17s2
184,COMP4904,17s2
185,COMP6845,17s2
185,COMP3231,17s2
185,COMP6741,17s2
185,COMP9243,17s2
186,COMP3211,17s2
186,COMP3151,17s2
187,COMP3161,17s2
187,COMP4128,17s2
187,COMP9333,17s2
187,COMP9243,17s2
188,COMP3331,17s2
188,COMP2121,17s2
188,COMP1927,17s2
189,COMP3511,17s2
190,COMP3151,17s2
190,COMP4931,17s2
190,COMP9243,17s2
190,COMP6771,17s2
191,COMP6448,17s2
191,COMP6449,17s2
191,COMP3821,17s2
191,COMP9242,17s2
192,COMP4905,17s2
193,COMP6448,17s2
193,COMP3431,17s2
193,COMP3511,17s2
193,COMP6741,17s2
194,COMP3511,17s2
194,COMP3421,17s2
195,COMP9243,17s2
195,COMP2111,17s2
196,COMP3821,17s2
196,COMP1000,17s2
196,COMP4904,17s2
196,COMP6733,17s2
197,COMP9334,17s2
197,COMP4941,17s2
197,COMP3421,17s2
197,COMP9844,17s2
198,SENG4904,17s2
198,COMP9315,17s2
198,COMP3211,17s2
198,COMP3891,17s2
199,COMP6752,17s2
200,COMP3121,17s2
200,COMP3211,17s2
201,COMP6447,17s2
201,SENG3011,17s2
202,COMP6771,17s2
202,COMP6771,17s2
203,COMP6443,17s2
203,COMP4941,17s2
203,COMP4141,17s2
203,COMP4181,17s2
204,SENG4904,17s2
204,COMP2041,17s2
204,COMP2511,17s2
205,COMP9447,17s2
205,COMP3231,17s2
206,COMP9844,17s2
206,COMP4941,17s2
206,COMP3141,17s2
206,COMP4601,17s2
207,COMP4904,17s2
207,COMP4161,17s2
207,COMP3161,17s2
208,COMP6714,17s2
208,COMP6449,17s2
208,COMP9444,17s2
209,COMP9322,17s2
209,COMP1521,17s2
209,COMP2111,17s2
209,COMP6443,17s2
210,COMP4181,17s2
211,COMP3331,17s2
212,COMP6714,17s2
212,COMP6733,17s2
212,SENG4920,17s2
212,COMP3211,17s2
213,COMP4128,17s2
213,COMP1911,17s2
214,COMP6447,17s2
214,COMP9242,17s2
215,COMP2511,17s2
216,COMP3211,17s2
216,COMP4141,17s2
217,SENG4906,17s2
217,COMP3141,17s2
217,COMP6752,17s2
218,SENG2021,17s2
218,COMP1400,17s2
219,COMP6752,17s2
219,COMP9322,17s2
219,COMP3311,17s2
220,COMP3891,17s2
220,COMP1921,17s2
220,COMP4905,17s2
220,COMP4418,17s2
221,COMP3161,17s2
221,COMP9318,17s2
222,COMP3901,17s2
222,COMP9444,17s2
222,COMP3153,17s2
222,COMP4906,17s2
223,COMP9333,17s2
223,SENG2021,17s2
223,COMP4930,17s2
224,SENG2011,17s2
225,COMP3311,17s2
226,COMP6441,17s2
226,COMP4601,17s2
226,COMP3231,17s2
226,COMP1531,17s2
227,SENG4904,17s2
228,COMP3821,17s2
229,COMP3311,17s2
229,COMP2511,17s2
229,COMP4930,17s2
229,COMP6843,17s2
230,COMP9315,17s2
230,COMP3891,17s2
230,COMP9517,17s2
231,COMP2511,17s2
232,COMP4121,17s2
232,COMP4161,17s2
232,COMP2521,17s2
232,SENG4906,17s2
233,COMP3900,17s2
233,COMP3311,17s2
233,COMP4601,17s2
234,COMP3431,17s2
234,COMP3900,17s2
235,COMP9844,17s2
235,COMP4181,17s2
235,COMP6741,17s2
235,COMP4904,17s2
236,COMP9844,17s2
237,COMP4906,17s2
238,COMP9332,17s2
239,COMP4001,17s2
239,COMP9447,17s2
240,COMP3161,17s2
241,COMP6714,17s2
241,COMP6441,17s2
241,SENG2021,17s2
242,COMP4128,17s2
242,COMP4931,17s2
242,COMP2111,17s2
242,COMP4920,17s2
243,COMP3901,17s2
243,COMP6445,17s2
243,COMP9844,17s2
244,SENG4907,17s2
244,COMP3421,17s2
244,COMP6733,17s2
245,COMP4336,17s2
245,COMP3511,17s2
246,COMP3161,17s2
247,COMP6714,17s2
247,COMP9444,17s2
248,COMP3211,17s2
248,COMP3161,17s2
248,COMP6443,17s2
248,COMP6445,17s2
249,COMP3431,17s2
250,COMP1511,17s2
250,COMP9844,17s2
251,COMP9417,17s2
252,COMP4181,17s2
252,COMP2911,17s2
252,COMP2121,17s2
252,COMP9517,17s2
253,COMP6441,17s2
253,COMP3900,17s2
253,COMP2521,17s2
254,COMP9447,17s2
254,COMP2911,17s2
254,COMP9243,17s2
254,COMP3902,17s2
255,SENG4920,17s2
256,COMP3601,17s2
256,COMP3161,17s2
256,SENG4904,17s2
256,COMP3411,17s2
257,COMP3601,17s2
258,SENG4920,17s2
258,COMP9322,17s2
258,COMP6741,17s2
259,COMP6445,17s2
260,SENG4907,17s2
260,COMP6448,17s2
260,COMP4121,17s2
261,SENG4907,17s2
261,COMP6441,17s2
262,SENG4904,17s2
262,COMP3153,17s2
263,COMP4337,17s2
263,COMP1921,17s2
263,COMP4181,17s2
264,COMP3131,17s2
265,COMP4161,17s2
266,COMP9321,17s2
266,COMP6841,17s2
266,COMP9321,17s2
266,COMP3601,17s2
267,COMP4904,17s2
268,COMP9242,17s2
268,COMP9322,17s2
268,SENG4920,17s2
268,COMP6449,17s2
269,COMP3311,17s2
269,COMP4337,17s2
269,COMP6841,17s2
269,COMP4337,17s2
270,COMP6447,17s2
271,COMP1521,17s2
271,COMP4141,17s2
271,SENG3011,17s2
271,COMP1511,17s2
272,COMP6443,17s2
273,COMP4161,17s2
273,COMP9319,17s2
273,COMP9444,17s2
273,COMP3211,17s2
274,COMP3601,17s2
274,COMP9333,17s2
275,COMP3151,17s2
275,COMP4128,17s2
275,COMP9322,17s2
276,COMP9334,17s2
276,COMP9517,17s2
276,COMP3511,17s2
276,COMP4141,17s2
277,COMP3131,17s2
277,COMP4601,17s2
278,COMP3900,17s2
278,COMP4601,17s2
279,SENG4905,17s2
279,COMP9417,17s2
280,COMP6841,17s2
280,COMP1921,17s2
280,COMP6771,17s2
281,COMP6843,17s2
281,COMP9334,17s2
282,SENG4920,17s2
282,COMP2511,17s2
283,COMP3331,17s2
283,COMP9321,17s2
284,COMP4941,17s2
284,COMP1400,17s2
285,COMP3141,17s2
286,SENG2011,17s2
286,SENG3011,17s2
287,COMP9242,17s2
287,COMP9321,17s2
287,COMP3411,17s2
287,COMP1921,17s2
288,COMP9447,17s2
289,SENG4906,17s2
289,COMP4941,17s2
289,COMP3901,17s2
290,COMP2121,17s2
290,COMP6714,17s2
290,COMP4904,17s2
290,COMP3901,17s2
291,COMP4906,17s2
291,COMP6449,17s2
291,COMP9319,17s2
291,COMP9333,17s2
292,COMP9447,17s2
292,COMP3222,17s2
292,COMP6445,17s2
293,SENG4907,17s2
293,COMP6771,17s2
294,COMP4336,17s2
294,COMP4161,17s2
295,COMP6447,17s2
296,COMP3331,17s2
296,COMP3311,17s2
296,SENG2021,17s2
296,COMP3891,17s2
297,COMP3153,17s2
297,COMP3900,17s2
297,COMP9333,17s2
298,SENG3011,17s2
298,COMP2511,17s2
298,COMP3902,17s2
298,SENG2011,17s2
299,COMP2521,17s2
299,COMP3821,17s2
299,COMP6449,17s2
300,COMP4161,17s2
301,COMP3431,17s2
301,COMP6843,17s2
301,COMP3153,17s2
301,COMP3511,17s2
302,COMP2911,17s2
302,COMP6714,17s2
302,COMP3131,17s2
302,COMP3411,17s2
303,COMP4161,17s2
304,COMP2521,17s2
304,COMP9333,17s2
304,COMP3141,17s2
305,COMP3900,17s2
305,COMP6733,17s2
305,COMP6841,17s2
305,COMP2511,17s2
306,COMP4904,17s2
307,COMP6733,17s2
307,COMP3222,17s2
307,COMP2521,17s2
307,COMP3141,17s2
308,COMP4181,17s2
309,COMP9318,17s2
309,COMP6752,17s2
309,COMP3431,17s2
309,COMP3151,17s2
310,COMP9444,17s2
310,COMP1511,17s2
311,COMP9844,17s2
311,COMP3211,17s2
311,COMP9332,17s2
311,COMP3311,17s2
312,COMP9333,17s2
312,SENG4906,17s2
312,COMP9242,17s2
312,COMP3211,17s2
313,SENG4904,17s2
313,COMP3211,17s2
314,COMP6841,17s2
315,COMP3161,17s2
315,COMP9447,17s2
315,COMP3153,17s2
315,SENG4905,17s2
316,COMP2911,17s2
316,COMP4601,17s2
317,COMP9319,17s2
317,COMP9242,17s2
317,SENG4904,17s2
317,COMP9319,17s2
318,SENG3011,17s2
318,COMP3821,17s2
318,COMP9844,17s2
318,COMP4920,17s2
319,COMP6733,17s2
319,COMP6843,17s2
319,COMP6714,17s2
320,COMP9322,17s2
320,COMP2511,17s2
320,COMP3891,17s2
320,COMP1531,17s2
321,COMP1521,17s2
322,COMP3411,17s2
322,COMP4337,17s2
322,COMP1531,17s2
323,COMP4337,17s2
324,COMP9243,17s2
324,COMP6843,17s2
325,SENG2011,17s2
326,COMP6845,17s2
327,COMP9321,17s2
327,COMP4905,17s2
327,COMP6445,17s2
328,COMP4141,17s2
329,COMP4941,17s2
329,COMP4141,17s2
329,COMP2041,17s2
330,COMP2111,17s2
330,SENG4904,17s2
331,SENG4906,17s2
331,COMP6441,17s2
332,COMP1400,17s2
333,COMP4141,17s2
334,COMP3821,17s2
334,COMP1921,17s2
334,COMP9517,17s2
334,SENG4920,17s2
335,COMP6448,17s2
336,COMP9333,17s2
336,COMP6449,17s2
336,COMP1927,17s2
337,COMP3151,17s2
337,COMP3153,17s2
338,COMP2511,17s2
338,COMP3151,17s2
339,COMP3891,17s2
339,COMP3222,17s2
340,COMP6843,17s2
340,COMP3222,17s2
340,SENG4905,17s2
341,COMP6714,17s2
341,COMP9333,17s2
341,COMP3411,17s2
341,COMP4121,17s2
342,COMP1000,17s2
342,COMP4931,17s2
342,COMP9417,17s2
342,COMP9517,17s2
343,COMP6733,17s2
343,COMP3331,17s2
343,COMP3901,17s2
343,COMP4128,17s2
344,COMP6841,17s2
345,COMP3431,17s2
346,COMP3601,17s2
346,COMP3431,17s2
346,SENG3011,17s2
346,SENG4905,17s2
347,COMP3231,17s2
348,COMP4001,17s2
348,COMP9318,17s2
348,COMP1521,17s2
349,COMP4161,17s2
349,COMP4930,17s2
350,COMP3902,17s2
350,COMP6845,17s2
351,COMP3821,17s2
351,COMP9332,17s2
351,SENG4904,17s2
352,COMP1911,17s2
352,COMP3902,17s2
352,COMP1511,17s2
352,COMP3141,17s2
353,COMP3131,17s2
354,SENG4906,17s2
354,COMP4337,17s2
355,COMP4141,17s2
355,SENG4904,17s2
355,COMP6441,17s2
355,COMP3161,17s2
356,COMP4418,17s2
356,COMP4601,17s2
357,SENG4920,17s2
358,COMP6441,17s2
358,SENG4907,17s2
358,COMP6741,17s2
358,COMP4941,17s2
359,COMP3141,17s2
359,COMP9332,17s2
359,COMP4941,17s2
359,COMP4931,17s2
360,COMP9517,17s2
360,COMP3331,17s2
360,COMP4941,17s2
360,SENG2021,17s2
361,COMP2911,17s2
361,COMP3902,17s2
362,COMP6845,17s2
363,COMP3900,17s2
363,COMP3153,17s2
363,COMP2911,17s2
364,COMP9332,17s2
364,COMP6445,17s2
365,COMP3902,17s2
365,COMP9417,17s2
365,COMP3151,17s2
366,COMP3601,17s2
366,COMP3331,17s2
366,COMP3431,17s2
367,COMP9322,17s2
367,COMP9321,17s2
367,COMP9321,17s2
367,COMP3891,17s2
368,COMP6443,17s2
368,COMP9321,17s2
369,COMP9321,17s2
369,COMP3231,17s2
369,COMP4941,17s2
369,COMP4141,17s2
370,COMP1511,17s2
370,COMP6443,17s2
370,COMP3211,17s2
371,COMP4601,17s2
371,SENG4906,17s2
372,COMP9321,17s2
373,COMP4001,17s2
373,COMP3231,17s2
373,COMP6441,17s2
374,COMP4121,17s2
374,COMP6714,17s2
374,SENG4906,17s2
375,COMP3511,17s2
375,COMP2111,17s2
376,COMP6752,17s2
376,COMP9333,17s2
376,COMP9319,17s2
376,COMP6443,17s2
377,COMP9315,17s2
377,COMP4128,17s2
378,COMP2121,17s2
378,COMP6841,17s2
379,COMP3511,17s2
379,COMP9447,17s2
379,COMP1511,17s2
379,COMP2911,17s2
380,COMP6843,17s2
380,COMP2521,17s2
381,COMP6449,17s2
382,COMP1000,17s2
383,COMP4128,17s2
383,COMP9517,17s2
383,COMP2121,17s2
384,COMP6741,17s2
384,COMP4905,17s2
384,COMP2911,17s2
384,COMP3411,17s2
385,COMP9332,17s2
385,COMP4930,17s2
385,COMP3902,17s2
386,COMP9322,17s2
387,COMP1000,17s2
388,COMP9242,17s2
388,SENG4906,17s2
388,COMP6448,17s2
389,COMP4601,17s2
389,COMP1911,17s2
389,COMP9243,17s2
389,COMP4905,17s2
390,COMP6449,17s2
390,COMP9321,17s2
390,COMP3601,17s2
391,COMP2511,17s2
391,COMP9243,17s2
392,COMP4161,17s2
392,COMP6845,17s2
392,COMP1521,17s2
392,COMP6441,17s2
393,SENG4905,17s2
394,COMP9447,17s2
394,COMP9844,17s2
395,COMP6714,17s2
395,COMP6445,17s2
395,COMP3161,17s2
395,COMP9844,17s2
396,COMP1921,17s2
396,COMP6741,17s2
397,COMP4418,17s2
398,COMP9319,17s2
398,COMP9321,17s2
398,COMP4930,17s2
399,COMP4336,17s2
399,COMP6448,17s2
399,SENG2011,17s2
400,SENG4906,17s2
400,COMP9243,17s2
400,COMP1911,17s2
401,COMP9319,17s2
401,COMP3231,17s2
401,COMP6845,17s2
401,COMP3411,17s2
402,COMP9319,17s2
402,COMP3411,17s2
403,COMP9243,17s2
403,COMP6741,17s2
403,COMP3601,17s2
403,COMP2041,17s2
404,COMP1400,17s2
405,COMP4601,17s2
405,COMP1511,17s2
405,COMP4337,17s2
406,COMP6448,17s2
406,COMP9242,17s2
406,COMP6441,17s2
406,COMP9332,17s2
407,COMP9321,17s2
407,COMP4904,17s2
407,COMP9334,17s2
407,COMP4336,17s2
408,COMP3231,17s2
409,COMP9243,17s2
409,COMP6771,17s2
409,COMP9332,17s2
410,COMP4128,17s2
410,COMP4337,17s2
410,COMP4906,17s2
411,COMP4906,17s2
411,COMP9333,17s2
412,COMP6445,17s2
412,COMP4121,17s2
413,COMP1911,17s2
414,COMP3231,17s2
414,COMP9517,17s2
414,COMP3153,17s2
414,COMP4121,17s2
415,COMP1927,17s2
415,COMP3421,17s2
415,COMP9242,17s2
415,COMP4601,17s2
416,COMP6447,17s2
416,COMP3231,17s2
417,COMP2511,17s2
418,COMP6841,17s2
419,COMP9333,17s2
419,COMP4336,17s2
419,COMP4601,17s2
419,COMP4336,17s2
420,COMP3601,17s2
420,COMP3900,17s2
421,COMP3891,17s2
421,SENG4905,17s2
421,COMP3211,17s2
421,COMP4128,17s2
422,COMP4904,17s2
422,COMP4904,17s2
422,COMP3222,17s2
423,COMP4121,17s2
423,COMP3421,17s2
424,COMP2041,17s2
424,COMP3141,17s2
424,SENG4907,17s2
425,COMP4904,17s2
425,COMP2511,17s2
426,COMP4601,17s2
426,COMP1927,17s2
426,COMP6714,17s2
426,COMP6449,17s2
427,COMP4128,17s2
428,COMP3511,17s2
429,COMP4920,17s2
429,COMP3231,17s2
429,COMP3222,17s2
429,SENG2021,17s2
430,COMP4181,17s2
430,SENG2011,17s2
430,COMP3821,17s2
430,COMP3511,17s2
431,SENG2021,17s2
431,COMP3211,17s2
432,COMP6741,17s2
432,COMP1400,17s2
433,COMP9243,17s2
434,SENG3011,17s2
434,COMP3901,17s2
434,COMP9332,17s2
435,COMP3511,17s2
435,COMP4601,17s2
435,COMP3161,17s2
436,COMP4128,17s2
436,COMP9334,17s2
436,SENG2021,17s2
437,COMP4128,17s2
437,COMP1531,17s2
437,SENG3011,17s2
437,COMP3311,17s2
438,COMP4121,17s2
438,SENG2021,17s2
438,COMP9447,17s2
438,SENG4906,17s2
439,COMP4941,17s2
439,COMP3311,17s2
439,COMP2121,17s2
440,COMP6841,17s2
441,COMP3121,17s2
442,COMP3431,17s2
442,COMP3431,17s2
442,COMP3121,17s2
442,SENG4904,17s2
443,COMP3411,17s2
443,COMP9322,17s2
444,COMP6752,17s2
445,COMP2511,17s2
445,COMP3601,17s2
445,COMP4128,17s2
446,COMP2121,17s2
447,COMP4904,17s2
447,COMP4128,17s2
447,COMP1400,17s2
447,COMP1400,17s2
448,COMP6733,17s2
448,COMP9444,17s2
448,COMP4181,17s2
448,COMP3601,17s2
449,COMP9334,17s2
450,COMP4128,17s2
450,COMP4001,17s2
450,COMP2111,17s2
450,COMP9323,17s2
451,COMP3900,17s2
451,COMP3311,17s2
451,COMP6841,17s2
451,COMP4141,17s2
452,COMP2521,17s2
452,COMP6445,17s2
452,COMP6771,17s2
452,SENG4907,17s2
453,COMP4181,17s2
453,COMP3311,17s2
453,COMP9447,17s2
454,COMP9447,17s2
454,COMP4121,17s2
454,COMP3153,17s2
454,COMP3821,17s2
455,COMP2911,17s2
455,SENG2011,17s2
455,COMP9321,17s2
455,COMP3901,17s2
456,COMP3891,17s2
456,COMP3411,17s2
457,COMP9444,17s2
457,COMP6447,17s2
458,COMP9844,17s2
459,COMP3821,17s2
459,COMP3311,17s2
459,SENG4907,17s2
460,COMP3153,17s2
460,COMP9242,17s2
461,COMP3411,17s2
461,COMP6443,17s2
462,COMP9333,17s2
462,COMP1911,17s2
462,SENG4905,17s2
462,COMP6771,17s2
463,COMP9447,17s2
464,SENG2021,17s2
465,COMP9333,17s2
465,COMP9321,17s2
466,COMP2121,17s2
466,COMP6447,17s2
466,COMP3411,17s2
466,COMP1911,17s2
467,COMP6841,17s2
468,COMP9333,17s2
468,COMP9517,17s2
468,COMP6752,17s2
468,COMP1511,17s2
469,COMP3821,17s2
469,COMP2911,17s2
469,COMP4941,17s2
469,COMP4418,17s2
470,COMP4930,17s2
471,COMP4601,17s2
472,COMP4941,17s2
473,COMP3222,17s2
473,COMP4181,17s2
473,COMP3421,17s2
473,COMP4941,17s2
474,COMP1400,17s2
474,COMP9321,17s2
474,COMP1911,17s2
475,COMP1911,17s2
475,COMP6845,17s2
476,SENG2011,17s2
476,SENG4920,17s2
476,COMP4920,17s2
477,COMP6448,17s2
477,COMP1400,17s2
478,COMP6441,17s2
478,SENG2011,17s2
478,SENG2011,17s2
478,COMP6714,17s2
479,COMP3411,17s2
479,COMP6771,17s2
479,COMP3222,17s2
479,COMP4121,17s2
480,COMP6714,17s2
480,COMP3131,17s2
481,COMP1927,17s2
481,COMP3511,17s2
482,COMP3222,17s2
482,COMP6841,17s2
483,SENG4920,17s2
484,COMP9242,17s2
484,COMP9517,17s2
484,COMP9417,17s2
484,COMP2041,17s2
485,SENG4905,17s2
486,COMP3901,17s2
486,COMP4161,17s2
487,COMP1911,17s2
487,COMP9417,17s2
487,COMP3222,17s2
487,COMP9319,17s2
488,COMP4941,17s2
488,COMP4418,17s2
488,COMP3161,17s2
488,COMP6733,17s2
489,COMP9243,17s2
489,COMP4418,17s2
490,COMP6741,17s2
490,SENG4907,17s2
491,COMP6845,17s2
492,COMP1531,17s2
492,COMP6448,17s2
492,SENG2021,17s2
493,COMP9242,17s2
493,COMP9315,17s2
494,COMP9315,17s2
494,COMP3331,17s2
495,COMP9319,17s2
496,COMP4181,17s2
496,COMP3141,17s2
497,COMP1927,17s2
497,COMP4181,17s2
498,COMP4181,17s2
498,COMP3161,17s2
498,COMP3431,17s2
498,COMP3121,17s2
499,COMP3431,17s2
500,SENG3011,17s2
500,COMP4141,17s2
501,COMP2521,17s2
502,COMP3141,17s2
502,COMP4161,17s2
503,COMP4931,17s2
504,COMP2511,17s2
504,COMP3231,17s2
504,COMP1531,17s2
505,COMP3151,17s2
505,COMP9417,17s2
505,COMP3161,17s2
506,COMP9333,17s2
506,COMP3161,17s2
506,SENG4906,17s2
506,COMP6771,17s2
507,COMP2511,17s2
507,COMP3421,17s2
507,COMP6771,17s2
507,COMP1911,17s2
508,COMP4930,17s2
508,SENG2021,17s2
508,COMP1927,17s2
509,COMP2111,17s2
509,COMP6845,17s2
510,COMP3891,17s2
510,COMP4337,17s2
510,COMP6441,17s2
510,COMP1927,17s2
511,COMP4001,17s2
512,COMP6841,17s2
512,COMP3601,17s2
512,SENG2021,17s2
512,COMP3141,17s2
513,COMP4161,17s2
513,SENG4906,17s2
513,COMP3901,17s2
513,COMP6845,17s2
514,COMP9447,17s2
514,COMP9444,17s2
514,COMP9332,17s2
514,COMP3121,17s2
515,COMP1521,17s2
515,COMP6714,17s2
516,COMP6714,17s2
516,COMP6752,17s2
516,COMP9417,17s2
516,COMP4920,17s2
517,COMP4161,17s2
517,COMP3821,17s2
518,COMP9517,17s2
518,COMP9242,17s2
518,COMP3222,17s2
519,COMP3161,17s2
519,COMP4128,17s2
519,SENG2021,17s2
519,COMP2111,17s2
520,SENG4906,17s2
520,COMP1911,17s2
520,COMP3421,17s2
520,COMP9332,17s2
521,COMP9242,17s2
521,SENG4906,17s2
521,COMP3431,17s2
522,COMP6441,17s2
522,COMP1927,17s2
523,COMP3821,17s2
523,COMP4337,17s2
523,COMP1911,17s2
523,COMP6771,17s2
524,COMP4336,17s2
524,COMP3141,17s2
524,COMP2911,17s2
525,COMP6449,17s2
525,COMP9333,17s2
526,SENG3011,17s2
527,COMP4920,17s2
527,COMP4941,17s2
527,COMP9444,17s2
528,COMP9334,17s2
529,COMP2121,17s2
529,COMP3821,17s2
529,COMP1000,17s2
530,COMP1000,17s2
530,COMP9333,17s2
530,COMP4905,17s2
530,COMP9315,17s2
531,COMP3231,17s2
531,COMP9322,17s2
531,COMP3821,17s2
532,COMP4931,17s2
532,COMP4336,17s2
532,COMP9332,17s2
532,COMP4121,17s2
533,SENG3011,17s2
533,COMP4905,17s2
533,SENG3011,17s2
534,COMP9517,17s2
534,COMP6448,18s1
535,COMP6741,18s1
535,COMP3411,18s1
536,COMP6441,17s2
536,COMP4941,17s2
536,COMP3211,17s2
537,COMP3891,18s1
537,COMP2121,18s1
538,COMP4904,18s1
538,SENG2011,18s1
538,COMP3131,17s2
538,SENG4904,18s1
539,COMP3601,18s1
539,COMP3311,18s1
539,COMP9315,18s1
540,COMP9315,18s1
540,SENG4920,18s1
540,COMP1000,18s1
540,COMP1927,18s1
541,SENG4905,18s1
541,COMP4001,18s1
542,COMP2041,18s1
543,COMP9315,18s1
543,COMP9334,18s1
543,COMP6447,18s1
543,COMP6714,18s1
544,COMP4141,18s1
544,COMP9243,18s1
544,COMP9517,18s1
545,COMP3141,18s1
545,COMP1921,18s1
545,COMP4906,18s1
545,COMP6448,18s1
546,COMP2041,18s1
546,COMP4905,18s1
546,COMP3121,18s1
547,SENG4907,18s1
548,COMP4161,18s1
548,COMP1911,18s1
549,COMP4906,18s1
549,COMP9315,18s1
549,COMP6733,18s1
550,COMP3141,18s1
551,COMP3900,18s1
552,COMP6445,18s1
552,COMP1531,18s1
552,COMP3511,17s2
552,COMP3141,17s2
553,COMP6845,17s2
553,COMP3311,17s2
553,COMP1531,17s2
553,COMP2041,17s2
554,COMP6841,17s2
554,COMP9243,17s2
554,COMP3511,17s2
555,COMP9447,17s2
555,SENG2021,17s2
555,COMP9444,17s2
556,COMP6441,17s2
556,COMP6845,17s2
556,SENG4905,17s2
556,COMP3153,17s2
557,COMP2521,17s2
557,COMP4161,17s2
557,COMP2911,17s2
558,COMP4161,17s2
558,COMP2121,17s2
558,COMP9322,17s2
559,COMP4141,17s2
559,COMP9333,17s2
559,COMP2041,17s2
559,SENG4904,17s2
560,COMP3900,17s2
560,COMP3421,17s2
561,COMP3161,17s2
562,COMP1911,17s2
562,SENG4905,17s2
562,COMP4161,17s2
562,COMP9243,17s2
563,COMP9318,17s2
563,COMP3161,17s2
563,COMP6741,17s2
564,COMP3131,17s2
564,COMP3511,17s2
564,COMP1531,17s2
564,COMP3121,17s2
565,SENG4920,17s2
565,COMP6443,17s2
566,COMP6741,17s2
566,COMP3901,17s2
567,COMP6449,17s2
567,COMP4905,17s2
567,COMP3821,17s2
567,COMP2911,17s2
568,COMP3151,17s2
568,COMP4418,17s2
568,COMP2041,17s2
569,SENG4905,17s2
569,COMP3601,17s2
569,COMP3900,17s2
570,COMP6445,17s2
571,COMP6445,17s2
571,COMP6752,17s2
571,COMP9318,17s2
572,COMP4905,17s2
572,COMP4920,17s2
573,COMP4001,17s2
573,COMP3153,17s2
573,COMP3421,17s2
573,SENG4920,17s2
574,COMP9323,17s2
574,COMP4905,17s2
574,COMP9242,17s2
575,COMP9242,17s2
575,COMP1511,17s2
575,COMP3231,17s2
575,COMP2511,17s2
576,COMP2911,17s2
576,COMP6448,17s2
576,COMP3121,17s2
577,SENG4920,17s2
577,SENG4906,17s2
577,COMP3601,17s2
577,COMP9242,17s2
578,COMP3421,17s2
578,COMP4930,17s2
578,SENG2011,17s2
579,COMP4931,17s2
579,COMP9323,17s2
579,COMP4904,17s2
579,COMP9417,17s2
580,COMP3901,17s2
581,SENG2021,17s2
581,COMP3161,17s2
581,COMP6441,17s2
581,COMP4418,17s2
582,COMP4906,17s2
582,COMP2511,17s2
582,SENG4904,17s2
582,COMP1911,17s2
583,COMP6845,17s2
584,COMP4181,17s2
584,COMP9333,17s2
584,COMP9334,17s2
584,COMP4141,17s2
585,COMP4121,17s2
585,COMP6448,17s2
586,COMP6443,17s2
586,COMP3901,17s2
586,COMP3331,17s2
586,COMP6449,17s2
587,COMP1921,17s2
587,COMP3902,17s2
588,COMP9321,17s2
589,COMP4161,17s2
590,COMP4941,17s2
590,COMP3131,17s2
591,COMP4141,17s2
591,COMP1921,17s2
591,COMP1531,17s2
591,COMP4601,17s2
592,COMP4931,17s2
593,COMP9321,17s2
593,COMP6448,17s2
593,COMP6445,17s2
593,SENG2011,17s2
594,COMP9332,17s2
594,COMP9242,17s2
595,COMP3231,17s2
596,COMP9417,17s2
596,COMP3431,17s2
596,COMP3211,17s2
597,COMP3431,17s2
597,SENG4907,17s2
597,COMP3891,17s2
597,COMP9447,17s2
598,COMP4181,17s2
598,COMP9332,17s2
598,COMP9323,17s2
599,COMP1911,17s2
599,COMP3891,17s2
599,COMP3900,17s2
599,COMP3151,17s2
600,COMP3311,17s2
601,COMP2521,17s2
601,COMP9321,17s2
601,COMP6841,17s2
601,SENG2011,17s2
602,COMP9318,17s2
603,COMP9319,17s2
603,COMP3511,17s2
603,COMP3901,17s2
603,COMP6448,17s2
604,COMP9334,17s2
604,COMP4906,17s2
605,COMP4181,17s2
605,COMP3222,17s2
605,COMP1531,17s2
606,COMP2041,17s2
607,COMP3431,17s2
607,COMP3431,17s2
608,COMP3222,17s2
608,COMP4601,17s2
608,COMP4161,17s2
609,COMP6841,17s2
609,COMP3891,17s2
609,COMP2511,17s2
609,COMP1921,17s2
610,COMP3153,17s2
610,COMP6447,17s2
610,COMP3121,17s2
610,COMP4121,17s2
611,COMP6741,17s2
611,COMP4141,17s2
611,COMP9333,17s2
611,COMP9243,17s2
612,COMP4161,17s2
612,COMP3511,17s2
612,COMP4121,17s2
613,COMP4930,17s2
614,COMP3331,17s2
614,COMP9242,17s2
615,SENG2011,17s2
615,COMP3151,17s2
616,COMP4601,17s2
616,COMP3900,17s2
616,COMP3151,17s2
617,COMP4337,17s2
617,COMP6714,17s2
617,COMP3900,17s2
617,COMP4121,17s2
618,COMP9444,17s2
618,COMP3900,17s2
618,COMP3311,17s2
619,COMP6752,17s2
619,COMP9444,17s2
619,COMP3891,17s2
620,COMP4418,17s2
621,COMP9318,17s2
621,COMP6733,17s2
621,COMP2121,17s2
622,COMP3161,17s2
622,COMP9315,17s2
623,SENG4907,17s2
623,COMP4001,17s2
623,COMP1921,17s2
623,COMP4941,17s2
624,COMP6449,17s2
624,COMP1911,17s2
625,COMP1911,17s2
625,COMP9333,17s2
625,COMP9844,17s2
625,COMP4418,17s2
626,COMP9323,17s2
626,COMP9315,17s2
627,COMP6441,17s2
627,COMP3161,17s2
628,COMP3901,17s2
629,COMP1911,17s2
629,COMP9417,17s2
629,COMP3311,17s2
630,COMP9444,17s2
631,COMP6752,17s2
631,COMP3153,17s2
632,COMP4336,17s2
632,SENG2021,17s2
632,COMP4161,17s2
632,COMP6449,17s2
633,COMP9332,17s2
634,COMP3151,17s2
634,COMP4128,17s2
635,SENG2021,17s2
635,COMP3601,17s2
635,SENG3011,17s2
635,COMP9323,17s2
636,COMP6449,17s2
637,COMP1927,17s2
637,COMP4601,17s2
638,COMP9333,17s2
638,COMP1400,17s2
638,COMP3900,17s2
639,COMP9332,17s2
640,COMP2121,17s2
640,COMP6843,17s2
640,COMP1531,17s2
640,COMP9332,17s2
641,COMP4336,17s2
641,COMP3891,17s2
642,COMP3601,17s2
643,COMP6449,17s2
643,SENG4905,17s2
643,COMP3121,17s2
643,COMP3411,17s2
644,SENG4906,17s2
644,COMP4418,17s2
644,COMP3151,17s2
645,COMP4121,17s2
646,COMP2911,17s2
646,COMP9333,17s2
647,COMP4181,17s2
647,COMP3211,17s2
647,COMP6733,17s2
648,COMP4931,17s2
648,COMP3153,17s2
649,COMP6752,17s2
649,COMP4337,17s2
650,COMP3153,17s2
650,COMP4337,17s2
650,COMP3151,17s2
651,COMP6841,17s2
652,COMP2521,17s2
653,COMP4906,17s2
654,COMP9447,17s2
654,COMP4181,17s2
654,COMP4001,17s2
655,SENG4906,17s2
655,COMP2511,17s2
656,SENG4920,17s2
656,COMP6771,17s2
656,COMP3601,17s2
657,COMP1531,17s2
658,COMP9242,17s2
658,COMP4905,17s2
658,COMP6733,17s2
659,COMP9243,17s2
659,COMP3900,17s2
659,COMP9447,17s2
660,COMP4181,17s2
660,COMP6752,17s2
660,COMP6448,17s2
661,COMP9321,17s2
661,COMP2521,17s2
661,COMP6445,17s2
661,COMP1531,17s2
662,COMP4904,17s2
662,COMP9322,17s2
662,COMP4601,17s2
662,COMP2521,17s2
663,COMP6441,17s2
663,COMP2521,17s2
664,COMP4601,17s2
664,SENG4907,17s2
664,COMP3511,17s2
664,COMP4161,17s2
665,COMP4001,17s2
666,COMP6841,17s2
666,COMP4905,17s2
666,COMP1531,17s2
666,COMP3311,17s2
667,COMP4181,17s2
667,COMP3511,17s2
667,COMP9321,17s2
667,COMP9447,17s2
668,COMP3141,17s2
668,COMP3311,17s2
668,SENG4904,17s2
668,COMP3900,17s2
669,COMP9332,17s2
669,COMP1921,17s2
669,COMP4336,17s2
670,COMP9333,17s2
670,COMP1511,17s2
670,COMP3121,17s2
671,COMP3222,17s2
671,COMP4161,17s2
671,COMP3311,17s2
671,COMP4141,17s2
672,COMP1911,17s2
673,COMP4931,17s2
674,COMP4141,17s2
674,COMP4141,17s2
674,SENG2021,17s2
674,COMP4930,17s2
675,COMP1921,17s2
675,COMP3411,17s2
675,COMP4920,17s2
675,COMP3211,17s2
676,COMP3431,17s2
676,COMP4931,17s2
676,COMP9243,17s2
676,COMP4601,17s2
677,COMP6443,17s2
677,COMP1521,17s2
678,COMP1511,17s2
678,COMP1927,17s2
679,COMP3153,17s2
680,COMP1000,17s2
681,COMP3511,17s2
682,COMP9315,17s2
682,COMP2041,17s2
683,COMP9334,17s2
683,COMP3901,17s2
683,COMP4906,17s2
683,COMP1511,17s2
684,COMP1927,17s2
684,COMP3411,17s2
685,COMP6741,17s2
686,COMP9243,17s2
686,COMP3151,17s2
687,COMP3331,17s2
688,COMP3211,17s2
689,COMP3311,17s2
689,COMP6845,17s2
690,COMP3601,17s2
690,COMP4904,17s2
691,COMP9844,17s2
692,COMP6841,17s2
693,SENG3011,17s2
693,COMP4181,17s2
693,COMP3161,17s2
694,COMP4931,17s2
694,COMP4337,17s2
694,COMP3211,17s2
695,COMP9321,17s2
695,COMP9417,17s2
695,COMP9334,17s2
696,COMP4904,17s2
696,COMP2521,17s2
696,SENG3011,17s2
696,COMP9444,17s2
697,COMP4601,17s2
697,COMP6441,17s2
698,SENG2021,17s2
698,COMP1400,17s2
698,COMP4920,17s2
698,COMP9334,17s2
699,COMP3900,17s2
700,COMP1400,17s2
700,COMP3421,17s2
701,COMP6714,17s2
701,COMP3151,17s2
702,COMP4001,17s2
702,COMP9444,17s2
702,COMP4941,17s2
702,COMP6441,17s2
703,COMP3211,17s2
703,COMP4336,17s2
704,COMP6752,17s2
704,COMP4906,17s2
704,COMP9447,17s2
704,COMP3121,17s2
705,COMP6448,17s2
705,COMP3421,17s2
706,COMP4920,17s2
706,COMP3161,17s2
706,COMP4920,17s2
706,COMP3231,17s2
707,COMP1921,17s2
707,COMP6447,17s2
707,COMP9242,17s2
708,COMP4141,17s2
708,COMP2911,17s2
708,COMP9318,17s2
708,COMP6449,17s2
709,SENG4920,17s2
709,COMP6841,17s2
709,COMP9242,17s2
710,SENG2011,17s2
710,COMP9332,17s2
711,COMP3431,17s2
712,COMP6843,17s2
712,COMP3141,17s2
712,SENG3011,17s2
713,COMP2911,17s2
713,COMP1927,17s2
713,COMP3121,17s2
713,COMP4931,17s2
714,COMP4920,17s2
714,SENG4907,17s2
714,COMP6843,17s2
714,COMP3153,17s2
715,COMP3411,17s2
715,COMP4941,17s2
715,COMP3311,17s2
716,COMP6841,17s2
716,COMP2911,17s2
717,COMP2121,17s2
717,COMP9333,17s2
718,COMP3231,17s2
718,COMP9315,17s2
718,COMP9844,17s2
718,COMP1531,17s2
719,COMP9322,17s2
719,COMP4905,17s2
719,COMP4337,17s2
719,COMP4141,17s2
720,SENG4904,17s2
720,COMP9444,17s2
720,COMP3411,17s2
720,COMP3222,17s2
721,COMP3331,17s2
722,COMP1911,17s2
723,COMP3901,17s2
723,COMP9318,17s2
723,COMP6741,17s2
723,COMP6441,17s2
724,COMP6445,17s2
725,COMP6752,17s2
725,COMP4931,17s2
725,COMP1521,17s2
726,COMP9334,17s2
726,COMP1927,17s2
726,COMP4601,17s2
726,COMP3151,17s2
727,COMP6845,17s2
728,COMP1911,17s2
729,COMP9332,17s2
729,COMP4141,17s2
729,COMP9333,17s2
730,COMP2041,17s2
730,SENG4906,17s2
731,COMP6443,17s2
731,COMP4941,17s2
732,COMP6733,17s2
732,COMP3511,17s2
732,COMP3151,17s2
733,SENG4905,17s2
733,COMP4418,17s2
733,COMP6714,17s2
734,COMP4920,17s2
734,COMP6771,17s2
735,COMP4941,17s2
736,COMP4001,17s2
736,COMP2111,17s2
736,COMP6441,17s2
737,COMP6447,17s2
738,COMP3901,17s2
738,SENG3011,17s2
738,SENG4920,17s2
738,COMP4904,17s2
739,SENG2021,17s2
739,COMP6441,17s2
739,COMP9444,17s2
739,COMP3153,17s2
740,COMP3901,17s2
740,COMP2521,17s2
741,COMP9243,17s2
741,COMP4001,17s2
742,COMP1531,17s2
742,COMP9332,17s2
742,COMP9315,17s2
743,COMP6733,17s2
743,COMP9844,17s2
743,COMP3153,17s2
743,COMP4181,17s2
744,COMP3141,17s2
745,COMP9333,17s2
746,COMP3431,17s2
747,COMP9323,17s2
747,COMP2121,17s2
748,COMP4931,17s2
748,COMP3901,17s2
749,SENG3011,17s2
749,COMP6752,17s2
749,COMP6733,17s2
749,COMP4161,17s2
750,COMP3421,17s2
751,COMP3421,17s2
751,COMP4181,17s2
751,SENG2011,17s2
752,COMP1921,17s2
752,COMP4141,17s2
752,COMP3902,17s2
753,COMP3231,17s2
753,COMP1921,17s2
753,COMP4181,17s2
753,COMP9417,17s2
754,COMP3411,17s2
755,COMP9243,17s2
756,COMP3900,17s2
757,COMP4930,17s2
758,COMP1531,17s2
758,COMP4904,17s2
759,COMP9332,17s2
760,COMP9334,17s2
760,COMP3151,17s2
760,COMP2511,17s2
760,COMP4905,17s2
761,COMP9332,17s2
761,COMP3331,17s2
762,COMP1911,17s2
762,COMP6714,17s2
763,COMP4001,17s2
763,COMP3141,17s2
763,COMP4601,17s2
764,SENG4907,17s2
764,COMP3131,17s2
765,COMP6845,17s2
765,COMP2521,17s2
765,COMP9444,17s2
765,SENG3011,17s2
766,COMP1921,17s2
766,COMP1000,17s2
766,COMP6714,17s2
766,COMP4931,17s2
767,COMP6843,17s2
767,COMP3411,17s2
768,COMP4920,17s2
768,COMP4601,17s2
768,COMP3141,17s2
769,COMP4336,17s2
769,SENG4904,17s2
769,COMP3431,17s2
770,COMP9315,17s2
770,COMP4905,17s2
771,COMP6741,17s2
772,COMP4905,17s2
772,COMP4930,17s2
772,SENG4906,17s2
773,COMP9333,17s2
774,COMP1521,17s2
774,COMP3331,17s2
774,COMP1921,17s2
775,COMP3311,17s2
775,COMP9319,17s2
775,COMP6448,17s2
775,SENG4920,17s2
776,COMP3902,17s2
776,COMP6714,17s2
776,COMP6441,17s2
777,SENG4920,17s2
778,COMP3891,17s2
778,COMP4904,17s2
778,COMP3901,17s2
778,COMP2121,17s2
779,COMP6843,17s2
779,COMP3431,17s2
779,COMP3511,17s2
779,COMP2911,17s2
780,COMP9334,17s2
781,COMP6443,17s2
781,COMP3411,17s2
782,COMP4161,17s2
782,COMP3231,17s2
782,COMP3601,17s2
782,COMP3231,17s2
783,COMP1400,17s2
783,COMP2511,17s2
784,COMP3153,17s2
785,COMP4001,17s2
785,COMP3891,17s2
785,COMP3821,17s2
786,COMP4141,17s2
786,COMP3411,17s2
786,COMP3421,17s2
786,COMP3151,17s2
787,COMP3601,17s2
787,COMP3511,17s2
788,COMP6714,17s2
789,COMP6771,17s2
790,COMP3211,17s2
790,COMP1511,17s2
790,COMP6441,17s2
790,COMP3161,17s2
791,COMP6445,17s2
791,COMP2111,17s2
792,COMP6449,17s2
792,COMP3902,17s2
793,COMP3421,17s2
793,COMP2121,17s2
793,COMP3601,17s2
793,COMP9323,17s2
794,COMP3421,17s2
794,COMP3153,17s2
795,COMP6741,17s2
795,COMP6741,17s2
795,COMP9332,17s2
796,COMP6441,17s2
797,COMP3902,17s2
797,COMP3901,17s2
798,COMP4001,17s2
798,COMP3411,17s2
799,COMP4336,17s2
800,SENG4920,17s2
801,COMP6845,17s2
801,COMP4181,17s2
802,COMP9333,17s2
803,COMP3331,17s2
803,COMP9844,17s2
803,COMP4904,17s2
803,COMP4930,17s2
804,COMP3891,17s2
804,COMP3431,17s2
804,COMP6449,17s2
805,COMP3161,17s2
805,COMP2111,17s2
805,COMP4905,17s2
805,COMP9444,17s2
806,COMP6443,17s2
806,COMP1400,17s2
806,COMP9323,17s2
806,COMP1921,17s2
807,COMP6843,17s2
807,COMP6448,17s2
807,COMP9447,17s2
808,SENG4920,17s2
808,COMP3891,17s2
809,COMP3900,17s2
809,COMP1927,17s2
810,COMP9332,17s2
810,COMP3311,17s2
811,COMP9517,17s2
812,COMP3331,17s2
813,COMP9844,17s2
814,COMP4161,17s2
814,COMP9444,17s2
815,COMP9319,17s2
815,COMP6752,17s2
815,COMP3411,17s2
815,COMP6714,17s2
816,COMP4141,17s2
816,COMP9319,17s2
816,COMP3121,17s2
817,COMP3121,17s2
818,COMP3231,17s2
818,COMP6445,17s2
819,COMP3131,17s2
819,COMP3331,17s2
820,SENG4907,17s2
821,COMP2911,17s2
821,SENG4906,17s2
821,COMP9447,17s2
822,COMP3902,17s2
822,COMP2511,17s2
822,COMP3821,17s2
822,COMP4128,17s2
823,COMP4601,17s2
823,COMP3311,17s2
823,SENG4904,17s2
824,COMP3311,17s2
824,COMP4930,17s2
824,COMP4161,17s2
825,SENG4920,17s2
825,COMP3141,17s2
825,COMP2911,17s2
826,SENG2021,17s2
826,COMP3222,17s2
827,COMP9321,17s2
827,SENG4904,17s2
827,COMP3421,17s2
827,COMP1927,17s2
828,COMP9319,17s2
829,COMP3211,17s2
829,COMP9844,17s2
830,COMP6733,17s2
830,COMP3153,17s2
831,COMP9243,17s2
831,SENG4906,17s2
832,COMP9517,17s2
833,COMP6845,17s2
833,COMP3141,17s2
834,COMP9332,17s2
834,COMP2121,17s2
835,COMP3231,17s2
835,COMP9844,17s2
836,COMP1400,17s2
837,COMP4601,17s2
838,SENG4920,17s2
839,SENG4905,17s2
840,COMP6445,17s2
840,COMP1511,17s2
840,COMP1511,17s2
840,COMP9844,17s2
841,COMP6752,17s2
842,COMP9844,17s2
842,COMP4336,17s2
842,COMP4920,17s2
842,COMP3151,17s2
843,COMP1531,17s2
844,COMP9447,17s2
844,COMP9517,17s2
844,COMP1000,17s2
844,COMP2511,17s2
845,COMP4128,17s2
845,COMP3151,17s2
845,COMP1521,17s2
846,COMP3131,17s2
846,COMP6449,17s2
846,SENG4920,17s2
847,COMP1921,17s2
847,COMP6733,17s2
847,COMP6841,17s2
847,COMP9315,17s2
848,COMP4121,17s2
848,COMP6841,17s2
849,COMP9319,17s2
849,COMP1400,17s2
849,COMP1400,17s2
850,COMP4181,17s2
850,COMP9323,17s2
850,COMP9332,17s2
851,COMP6714,17s2
851,COMP9844,17s2
851,COMP6843,17s2
852,SENG2021,17s2
852,COMP6447,17s2
852,COMP9844,17s2
853,COMP4128,17s2
853,COMP4905,17s2
854,SENG2021,17s2
855,COMP1927,17s2
855,COMP4337,17s2
855,COMP3211,17s2
856,COMP9444,17s2
856,SENG4905,17s2
857,COMP9844,17s2
857,COMP4906,17s2
858,COMP3131,17s2
858,COMP4601,17s2
858,SENG4907,17s2
859,COMP3421,17s2
859,COMP3222,17s2
859,COMP1911,17s2
859,COMP1921,17s2
860,COMP9243,17s2
860,COMP4336,17s2
860,COMP3231,17s2
860,COMP6845,17s2
861,COMP9318,17s2
861,COMP4337,17s2
861,COMP6752,17s2
862,COMP3901,17s2
863,COMP1511,17s2
863,COMP2521,17s2
863,COMP6771,17s2
863,SENG4906,17s2
864,COMP4931,17s2
864,COMP3901,17s2
864,COMP6441,17s2
864,COMP4141,17s2
865,SENG2021,17s2
866,COMP3511,17s2
867,COMP2521,17s2
867,COMP3131,17s2
867,COMP3153,17s2
867,COMP3231,17s2
868,COMP6771,17s2
868,COMP3151,17s2
868,COMP3151,17s2
868,COMP9333,17s2
869,COMP3222,17s2
869,COMP4336,17s2
870,COMP2041,17s2
870,COMP6445,17s2
870,COMP9243,17s2
871,COMP4337,17s2
871,COMP9319,17s2
872,COMP6843,17s2
872,COMP1511,17s2
872,COMP4941,17s2
872,SENG4907,17s2
873,COMP4337,17s2
874,COMP6445,17s2
874,COMP9321,17s2
874,COMP3151,17s2
875,COMP6845,17s2
875,COMP9332,17s2
875,COMP6449,17s2
876,COMP9319,17s2
876,SENG2011,17s2
876,COMP3131,17s2
876,SENG4905,17s2
877,COMP4336,17s2
877,SENG2011,17s2
877,COMP6447,17s2
877,COMP6449,17s2
878,COMP6733,17s2
879,COMP4121,17s2
879,COMP2521,17s2
879,COMP3900,17s2
880,COMP4161,17s2
880,COMP4931,17s2
881,SENG4907,17s2
881,SENG4920,17s2
881,COMP2111,17s2
882,COMP3311,17s2
882,COMP9319,17s2
883,COMP4141,17s2
883,COMP4141,17s2
883,COMP9444,17s2
884,COMP9321,17s2
884,COMP6843,17s2
884,COMP3902,17s2
885,COMP9321,17s2
885,COMP2121,17s2
885,COMP4904,17s2
886,COMP3141,17s2
886,COMP4906,17s2
886,COMP2511,17s2
886,SENG3011,17s2
887,COMP1911,17s2
887,COMP6845,17s2
887,SENG2011,17s2
888,COMP4161,17s2
889,COMP9322,17s2
889,COMP6752,17s2
889,COMP2521,17s2
889,COMP2121,17s2
890,COMP1531,17s2
891,COMP9517,17s2
892,COMP6447,17s2
892,COMP4904,17s2
893,COMP3431,17s2
893,COMP2521,17s2
893,COMP4337,17s2
893,COMP1927,17s2
894,COMP9321,17s2
894,COMP2041,17s2
894,COMP4904,17s2
895,COMP3821,17s2
896,SENG4904,17s2
896,COMP2521,17s2
897,SENG4920,17s2
897,SENG4920,17s2
897,COMP6841,17s2
898,COMP3153,17s2
899,SENG3011,17s2
899,COMP2511,17s2
899,COMP3411,17s2
900,COMP3231,17s2
900,COMP4601,17s2
900,COMP9334,17s2
900,COMP4930,17s2
901,COMP3901,17s2
902,COMP6741,17s2
902,COMP3821,17s2
902,COMP6443,17s2
902,COMP6771,17s2
903,COMP4601,17s2
903,COMP9319,17s2
903,COMP2521,17s2
904,COMP4121,17s2
905,COMP3891,17s2
905,COMP6714,17s2
906,COMP9517,17s2
907,COMP1921,17s2
907,COMP3331,17s2
908,COMP9447,17s2
908,COMP3601,17s2
908,COMP4336,17s2
909,COMP4128,17s2
909,COMP9447,17s2
909,COMP4181,17s2
909,COMP4601,17s2
910,COMP3211,17s2
911,COMP6443,17s2
911,COMP1927,17s2
912,COMP9517,17s2
912,COMP9417,17s2
912,COMP4931,17s2
913,COMP3311,17s2
913,COMP6843,17s2
913,COMP3153,17s2
914,COMP4161,17s2
915,COMP6741,17s2
915,COMP4181,17s2
915,COMP3411,17s2
915,COMP3431,17s2
916,COMP2521,17s2
916,COMP4181,17s2
916,COMP3151,17s2
916,COMP3431,17s2
917,SENG2011,17s2
917,COMP4941,17s2
917,COMP4920,17s2
917,COMP3902,17s2
918,COMP1521,17s2
918,COMP6443,17s2
918,COMP1921,17s2
918,COMP2521,17s2
919,COMP2511,17s2
920,COMP9323,17s2
921,COMP4336,17s2
921,COMP2041,17s2
921,COMP1921,17s2
922,COMP6443,17s2
923,COMP3231,17s2
924,COMP3511,17s2
925,COMP9844,17s2
925,COMP9319,17s2
925,COMP9334,17s2
926,COMP6741,17s2
926,COMP6443,17s2
927,COMP3211,17s2
927,COMP4904,17s2
927,COMP9334,17s2
927,COMP6741,17s2
928,COMP1921,17s2
929,COMP4906,17s2
929,COMP9517,17s2
929,COMP6771,17s2
929,COMP3151,17s2
930,COMP6741,17s2
930,COMP3901,17s2
931,COMP6447,17s2
932,COMP3902,17s2
932,COMP9319,17s2
933,COMP3211,17s2
934,SENG4904,17s2
934,COMP6443,17s2
934,COMP3511,17s2
934,COMP9334,17s2
935,COMP6714,17s2
935,COMP4337,17s2
936,COMP4904,17s2
936,COMP3131,17s2
937,COMP9323,17s2
937,COMP9319,17s2
938,COMP1531,17s2
938,COMP6741,17s2
938,COMP9444,17s2
939,COMP3141,17s2
939,COMP3161,17s2
940,COMP9322,17s2
941,COMP4941,17s2
941,COMP3431,17s2
942,COMP4941,17s2
942,COMP1531,17s2
942,COMP1531,17s2
942,COMP9242,17s2
943,COMP1000,17s2
944,COMP6447,17s2
944,COMP3121,17s2
944,COMP9334,17s2
944,SENG4920,17s2
945,COMP6447,17s2
945,COMP4601,17s2
946,SENG2021,17s2
947,COMP1927,17s2
947,COMP6845,17s2
947,SENG2011,17s2
948,COMP4337,17s2
948,COMP3211,17s2
949,COMP4601,17s2
949,COMP1927,17s2
949,COMP6714,17s2
949,SENG2011,17s2
950,COMP1921,17s2
950,COMP1921,17s2
950,COMP9333,17s2
950,SENG4904,17s2
951,COMP3231,17s2
951,COMP2521,17s2
952,COMP4141,17s2
952,COMP6445,17s2
952,SENG4905,17s2
953,COMP9444,17s2
953,COMP4001,17s2
954,COMP3231,17s2
954,COMP9447,17s2
954,COMP3153,17s2
955,COMP1531,17s2
955,COMP3161,17s2
955,COMP3121,17s2
956,COMP6771,17s2
956,COMP2121,17s2
956,COMP9332,17s2
956,COMP6443,17s2
957,COMP6449,17s2
957,COMP3231,17s2
957,COMP1000,17s2
957,COMP4336,17s2
958,COMP4904,17s2
958,SENG3011,17s2
958,COMP3211,17s2
958,SENG4907,17s2
959,COMP9333,17s2
959,COMP4930,17s2
960,COMP9334,17s2
961,COMP6448,17s2
961,COMP1521,17s2
961,COMP4941,17s2
962,COMP6733,17s2
963,COMP9319,17s2
964,COMP9322,17s2
965,COMP3231,17s2
965,COMP1521,17s2
965,COMP9319,17s2
966,COMP9319,17s2
966,COMP9844,17s2
967,SENG2011,17s2
967,COMP1911,17s2
968,COMP4905,17s2
969,COMP6714,17s2
970,SENG4906,17s2
970,COMP3601,17s2
970,COMP4920,17s2
971,COMP4905,17s2
972,COMP6741,17s2
972,COMP3601,17s2
972,COMP9332,17s2
972,SENG4920,17s2
973,COMP9447,17s2
973,COMP6841,17s2
974,COMP2911,17s2
974,COMP6733,17s2
975,COMP1000,17s2
975,COMP9321,17s2
975,COMP9334,17s2
975,COMP6447,17s2
976,COMP3601,17s2
976,COMP3153,17s2
976,COMP9315,17s2
977,COMP4121,17s2
977,COMP4161,17s2
977,COMP3821,17s2
978,COMP2121,17s2
978,COMP6441,17s2
978,COMP6441,17s2
979,COMP2111,17s2
980,COMP4336,17s2
980,SENG2011,17s2
980,COMP3231,17s2
981,COMP6733,17s2
981,COMP6449,17s2
981,COMP2511,17s2
982,COMP9332,17s2
982,COMP3161,17s2
983,COMP1521,17s2
983,COMP4001,17s2
983,COMP1921,17s2
983,COMP4418,17s2
984,COMP4906,17s2
984,COMP3891,17s2
984,COMP1911,17s2
984,COMP6448,17s2
985,COMP6441,17s2
985,COMP4906,17s2
985,COMP1521,17s2
985,COMP6841,17s2
986,COMP9334,17s2
986,COMP4336,17s2
987,SENG2011,17s2
987,SENG4906,17s2
988,COMP3511,17s2
988,COMP4931,17s2
988,COMP9242,17s2
988,COMP3900,17s2
989,COMP6443,17s2
989,SENG3011,17s2
989,SENG3011,17s2
990,SENG4907,17s2
990,COMP6447,17s2
991,COMP1511,17s2
991,COMP6447,17s2
992,COMP4920,17s2
993,COMP3222,17s2
993,COMP3121,17s2
993,COMP3153,17s2
993,COMP9322,17s2
994,COMP3131,17s2
995,COMP9318,17s2
995,COMP3891,17s2
995,COMP3141,17s2
995,COMP9332,17s2
996,COMP6448,17s2
997,COMP3901,17s2
997,COMP9318,17s2
997,SENG2021,17s2
997,COMP4904,17s2
998,COMP2911,17s2
999,COMP9417,17s2
999,SENG2011,17s2
999,COMP3153,17s2
1000,COMP9321,18s2
1001,COMP9844,18s2
1002,COMP1531,17s2
1003,COMP9444,18s1
1004,COMP3222,17s2
1005,COMP2521,18s1
1006,COMP6843,17s2
1007,COMP4161,17s2
1008,COMP6714,17s2
1009,COMP9334,17s2
1010,COMP9315,18s1
1011,COMP2041,18s1
1012,COMP4920,18s1
1013,COMP2121,17s2
1014,COMP1521,18s1
1015,COMP1921,18s1
1016,COMP6445,17s2
1017,COMP4601,17s2
1018,COMP4336,17s2
1019,COMP3211,18s1
1020,SENG3011,18s2
1021,COMP9332,18s1
1022,COMP9242,17s2
1023,SENG4920,18s1
1024,COMP3151,17s2
1025,COMP6447,17s2
1026,COMP3411,18s1
1027,COMP6771,17s2
1028,SENG2021,18s2
1029,COMP2511,18s2
1030,COMP3421,18s1
1031,COMP3131,18s2
1032,COMP6843,18s1
1033,COMP9323,18s1
1034,SENG2021,17s2
1035,COMP6771,18s2
1036,COMP3222,18s1
1037,COMP9417,17s2
1038,COMP4904,18s2
1039,COMP3231,18s2
1040,COMP1511,18s1
1041,COMP4141,17s2
1042,COMP9323,17s2
1043,COMP6441,18s2
1044,COMP9333,17s2
1045,COMP6841,18s1
1046,COMP1911,18s2
1047,COMP6714,18s2
1048,COMP4337,18s2
1049,COMP9844,17s2
1050,COMP3153,18s1
1051,COMP1511,17s2
1052,COMP3411,17s2
1053,COMP2111,18s2
1054,COMP9322,17s2
1055,COMP3891,18s1
1056,COMP6841,17s2
1057,COMP1000,18s1
1058,SENG4906,18s2
1059,COMP6845,17s2
1060,COMP1927,18s2
1061,COMP3141,18s2
1062,COMP4905,18s2
1063,COMP4336,18s1
1064,COMP9315,17s2
1065,COMP4128,17s2
1066,COMP6441,17s2
1067,COMP9243,17s2
1068,COMP4001,18s2
1069,COMP6449,18s2
1070,COMP3901,17s2
1071,COMP3821,18s1
1072,COMP9447,18s1
1073,COMP3902,18s1
1074,COMP4181,17s2
1075,COMP9844,18s1
1076,COMP3141,18s1
1077,SENG3011,18s1
1078,COMP6448,18s1
1079,SENG4904,18s2
1080,COMP3131,17s2
1081,COMP4905,18s1
1082,COMP4141,18s1
1083,COMP3900,18s1
1084,COMP9447,18s2
1085,COMP4161,18s1
1086,SENG2011,18s1
1087,SENG4907,18s1
1088,COMP4337,17s2
1089,COMP3151,18s2
1090,COMP9243,18s1
1091,COMP3161,18s1
1092,COMP1521,17s2
1093,COMP6445,18s2
1094,COMP6447,18s1
1095,COMP4941,18s2
1096,COMP3141,17s2
1097,COMP9447,17s2
1098,COMP3601,18s1
1099,COMP9333,18s2
1100,COMP9444,18s2
1101,SENG4906,17s2
1102,COMP2121,18s1
1103,COMP4161,18s2
1104,SENG4905,18s2
1105,COMP4121,18s1
1106,COMP3121,18s1
1107,SENG4904,18s1
1108,COMP2111,17s2
1109,COMP9321,17s2
1110,COMP6741,17s2
1111,COMP3900,17s2
1112,COMP1531,18s2
1113,COMP4931,17s2
1114,COMP3331,17s2
1115,COMP6443,18s2
1116,COMP1400,18s1
1117,COMP9318,18s1
1118,COMP9319,18s2
1119,COMP3161,18s2
1120,COMP9334,18s1
1121,COMP9243,18s2
1122,COMP3431,17s2
1123,COMP1000,18s2
1124,COMP9333,18s1
1125,COMP4141,18s2
1126,COMP1400,18s2
1127,COMP9322,18s1
1128,COMP9444,17s2
1129,COMP6443,18s1
1130,COMP2111,18s1
1131,COMP1531,18s1
1132,COMP4337,18s1
1133,COMP9323,18s2
1134,COMP9319,18s1
1135,COMP6714,18s1
1136,COMP3231,17s2
1137,COMP3601,17s2
1138,COMP3121,18s2
1139,COMP4121,18s2
1140,COMP4930,18s2
1141,COMP1400,17s2
1142,COMP1921,17s2
1143,COMP2121,18s2
1144,COMP1511,18s2
1145,COMP2911,17s2
1146,COMP3411,18s2
1147,COMP3161,17s2
1148,SENG4920,17s2
1149,COMP3902,17s2
1150,COMP3222,18s2
1151,COMP6445,18s1
1152,COMP4931,18s2
1153,COMP9517,18s1
1154,COMP3421,17s2
1155,COMP3131,18s1
1156,COMP4906,17s2
1157,COMP3151,18s1
1158,COMP2511,18s1
1159,SENG4907,18s2
1160,SENG2011,18s2
1161,SENG2011,17s2
1162,COMP6741,18s1
1163,COMP3900,18s2
1164,COMP3311,17s2
1165,COMP4930,18s1
1166,COMP6448,18s2
1167,COMP9318,18s2
1168,COMP9332,18s2
1169,COMP6449,18s1
1170,SENG4905,17s2
1171,COMP3902,18s2
1172,COMP3821,18s2
1173,COMP9417,18s2
1174,COMP2041,18s2
1175,COMP9315,18s2
1176,COMP6841,18s2
1177,COMP3511,17s2
1178,COMP4001,18s1
1179,COMP4121,17s2
1180,COMP3601,18s2
1181,COMP1927,18s1
1182,COMP9321,18s1
1183,COMP6733,17s2
1184,SENG4906,18s1
1185,COMP2521,17s2
1186,COMP3891,18s2
1187,COMP6733,18s2
1188,COMP3331,18s1
1189,COMP4905,17s2
1190,COMP9417,18s1
1191,COMP4904,17s2
1192,COMP6752,17s2
1193,COMP3431,18s2
1194,COMP3153,18s2
1195,COMP3211,17s2
1196,COMP6447,18s2
1197,COMP1911,18s1
1198,COMP4904,18s1
1199,COMP6741,18s2
1200,COMP2041,17s2
1201,SENG4905,18s1
1202,COMP4001,17s2
1203,COMP6441,18s1
1204,COMP4181,18s1
1205,COMP4128,18s2
1206,COMP9517,18s2
1207,COMP9332,17s2
1208,COMP6443,17s2
1209,COMP2911,18s2
1210,COMP3231,18s1
1211,COMP4418,18s2
1212,COMP1927,17s2
1213,COMP4920,17s2
1214,COMP9334,18s2
1215,COMP6845,18s1
1216,COMP6771,18s1
1217,COMP9318,17s2
1218,COMP4418,17s2
1219,COMP4906,18s2
